"Date","Price","Open","High","Low","Vol.","Change %"
"May 05, 2020","1.990","1.990","1.990","1.990","1.50K","-4.33%"
"Mar 18, 2020","2.080","2.080","2.080","2.080","0.04K","2.97%"
"Mar 17, 2020","2.020","2.020","2.020","2.020","0.01K","0.00%"
"Mar 02, 2020","2.020","2.020","2.020","2.020","0.01K","0.00%"
"Feb 18, 2020","2.020","2.020","2.020","2.020","0.02K","-0.49%"
"Jan 31, 2020","2.030","2.030","2.030","2.030","0.20K","2.53%"
"Jan 28, 2020","1.980","1.980","1.980","1.980","0.02K","2.59%"
"Jan 27, 2020","1.930","1.930","1.930","1.930","0.05K","2.66%"
"Jan 24, 2020","1.880","1.880","1.880","1.880","0.02K","-1.57%"
"Jan 23, 2020","1.910","1.910","1.910","1.910","0.01K","-0.52%"
"Jan 20, 2020","1.920","1.920","1.920","1.920","0.05K","-1.54%"
"Jan 16, 2020","1.950","1.900","1.950","1.900","0.06K","5.41%"
"Jan 15, 2020","1.850","1.900","1.900","1.850","0.02K","-5.13%"
"Jan 10, 2020","1.950","1.900","1.950","1.900","0.04K","2.63%"
"Jan 08, 2020","1.900","1.900","1.900","1.900","0.05K","2.70%"
"Jan 07, 2020","1.850","1.850","1.850","1.850","0.01K","2.78%"
"Jan 03, 2020","1.800","1.750","1.800","1.750","4.00K","0.00%"
"Jan 02, 2020","1.800","1.800","1.800","1.800","0.02K","-2.70%"
"Dec 30, 2019","1.850","1.850","1.850","1.850","0.13K","-5.13%"
"Dec 27, 2019","1.950","1.950","1.950","1.950","0.02K","2.63%"
"Dec 26, 2019","1.900","1.900","1.900","1.900","0.77K","0.00%"
"Dec 23, 2019","1.900","1.900","1.900","1.900","0.22K","-2.06%"
"Dec 20, 2019","1.940","1.940","1.940","1.940","0.02K","-4.43%"
"Dec 13, 2019","2.030","2.030","2.030","2.030","0.40K","2.53%"
"Dec 12, 2019","1.980","1.980","1.980","1.980","0.06K","-2.94%"
"Dec 11, 2019","2.040","2.040","2.040","2.040","0.03K","-2.86%"
"Dec 10, 2019","2.100","2.100","2.100","2.100","0.30K","0.48%"
"Dec 05, 2019","2.090","2.090","2.090","2.090","0.01K","1.95%"
"Dec 04, 2019","2.050","2.050","2.050","2.050","0.02K","-2.38%"
"Nov 08, 2019","2.100","2.100","2.100","2.100","0.10K","1.94%"
"Nov 01, 2019","2.060","2.060","2.060","2.060","0.00K","3.00%"
"Oct 25, 2019","2.000","2.000","2.000","2.000","0.02K","0.50%"
"Oct 21, 2019","1.990","1.990","1.990","1.990","5.17K","0.00%"
"Oct 18, 2019","1.990","1.990","1.990","1.990","0.01K","2.58%"
"Oct 17, 2019","1.940","1.940","1.940","1.940","10.00K","0.00%"
"Oct 16, 2019","1.940","1.940","1.940","1.940","51.30K","-3.00%"
"Oct 10, 2019","2.000","2.000","2.000","2.000","0.20K","1.52%"
"Oct 04, 2019","1.970","1.970","1.970","1.970","0.01K","5.35%"
"Sep 27, 2019","1.870","1.870","1.870","1.870","0.05K","-2.60%"
"Sep 26, 2019","1.920","1.920","1.920","1.920","1.10K","-2.54%"
"Sep 25, 2019","1.970","1.970","1.970","1.970","2.07K","1.55%"
"Sep 20, 2019","1.940","1.940","1.940","1.940","0.01K","0.00%"
"Sep 19, 2019","1.940","1.940","1.940","1.940","4.00K","0.00%"
"Sep 09, 2019","1.940","1.940","1.940","1.940","0.00K","-0.51%"
"Sep 06, 2019","1.950","1.950","1.950","1.950","1.00K","2.63%"
"Aug 30, 2019","1.900","1.890","1.900","1.890","1.02K","3.26%"
"Aug 29, 2019","1.840","1.790","1.840","1.790","0.44K","2.79%"
"Aug 28, 2019","1.790","1.740","1.790","1.740","0.50K","5.92%"
"Aug 27, 2019","1.690","1.650","1.690","1.650","0.25K","2.42%"
"Aug 26, 2019","1.650","1.650","1.650","1.650","9.39K","-8.33%"
"Aug 20, 2019","1.800","1.800","1.800","1.800","4.75K","-1.64%"
"Aug 15, 2019","1.830","1.830","1.830","1.830","0.30K","-0.54%"
"Jul 29, 2019","1.840","1.840","1.840","1.840","4.99K","0.00%"
"Jul 17, 2019","1.840","1.840","1.840","1.840","8.40K","2.22%"
"Jul 12, 2019","1.800","1.800","1.800","1.800","0.02K","-2.70%"
"Jul 10, 2019","1.850","1.850","1.850","1.850","0.94K","2.78%"
"Jul 09, 2019","1.800","1.800","1.800","1.800","0.03K","-2.70%"
"Jul 01, 2019","1.850","1.850","1.850","1.850","0.50K","2.78%"
"Jun 28, 2019","1.800","1.750","1.800","1.750","2.46K","2.27%"
"Jun 26, 2019","1.760","1.750","1.760","1.750","0.05K","-2.22%"
"Jun 25, 2019","1.800","1.800","1.800","1.800","0.50K","-2.70%"
"Jun 24, 2019","1.850","1.850","1.850","1.850","0.20K","0.00%"
"Jun 21, 2019","1.850","1.850","1.850","1.850","0.63K","1.65%"
"Jun 18, 2019","1.820","1.820","1.820","1.820","0.50K","0.00%"
"Jun 17, 2019","1.820","1.820","1.820","1.820","0.81K","-4.21%"
"Jun 03, 2019","1.900","1.900","1.900","1.900","0.01K","2.15%"
"May 31, 2019","1.860","1.860","1.860","1.860","0.45K","0.00%"
"May 29, 2019","1.860","1.860","1.860","1.860","1.00K","0.00%"
"May 27, 2019","1.860","1.860","1.860","1.860","0.11K","0.54%"
"May 23, 2019","1.850","1.850","1.850","1.850","0.79K","2.78%"
"May 22, 2019","1.800","1.800","1.800","1.800","0.10K","-2.70%"
"May 17, 2019","1.850","1.850","1.850","1.850","0.40K","2.78%"
"May 16, 2019","1.800","1.800","1.800","1.800","0.09K","0.00%"
"May 14, 2019","1.800","1.800","1.800","1.800","3.34K","0.00%"
"May 10, 2019","1.800","1.800","1.800","1.800","0.15K","0.00%"
"May 03, 2019","1.800","1.800","1.850","1.800","0.18K","2.86%"
"May 02, 2019","1.750","1.750","1.750","1.750","0.50K","-2.78%"
"Apr 30, 2019","1.800","1.800","1.800","1.800","5.00K","1.12%"
"Apr 29, 2019","1.780","1.780","1.780","1.780","1.10K","-0.56%"
"Apr 26, 2019","1.790","1.790","1.790","1.790","0.50K","2.29%"
"Apr 25, 2019","1.750","1.800","1.800","1.750","1.11K","-2.23%"
"Apr 24, 2019","1.790","1.800","1.800","1.790","4.26K","-0.56%"
"Apr 23, 2019","1.800","1.800","1.800","1.800","2.10K","-3.23%"
"Apr 22, 2019","1.860","1.850","1.860","1.850","0.66K","0.54%"
"Apr 19, 2019","1.850","1.850","1.850","1.850","0.50K","2.78%"
"Apr 18, 2019","1.800","1.780","1.800","1.780","3.17K","1.69%"
"Apr 17, 2019","1.770","1.750","1.770","1.750","2.24K","3.51%"
"Apr 16, 2019","1.710","1.700","1.710","1.700","2.51K","3.64%"
"Apr 15, 2019","1.650","1.650","1.650","1.650","4.31K","-2.94%"
"Apr 12, 2019","1.700","1.750","1.750","1.700","14.14K","-2.86%"
"Apr 11, 2019","1.750","1.760","1.760","1.750","8.13K","-0.57%"
"Apr 10, 2019","1.760","1.760","1.760","1.760","0.16K","3.53%"
"Apr 08, 2019","1.700","1.660","1.700","1.660","0.12K","0.00%"
"Apr 05, 2019","1.700","1.660","1.700","1.660","0.22K","4.94%"
"Apr 04, 2019","1.620","1.620","1.620","1.620","4.19K","2.53%"
"Mar 29, 2019","1.580","1.580","1.580","1.580","0.04K","-2.47%"
"Mar 27, 2019","1.620","1.620","1.620","1.620","0.08K","-1.22%"
"Mar 26, 2019","1.640","1.640","1.640","1.640","0.03K","2.50%"
"Mar 25, 2019","1.600","1.600","1.600","1.600","0.11K","0.00%"
"Mar 22, 2019","1.600","1.600","1.640","1.600","6.61K","-0.62%"
"Mar 21, 2019","1.610","1.600","1.610","1.600","4.35K","3.87%"
"Mar 19, 2019","1.550","1.550","1.550","1.550","1.35K","0.00%"
"Mar 18, 2019","1.550","1.540","1.550","1.540","3.37K","0.65%"
"Mar 15, 2019","1.540","1.500","1.540","1.500","3.86K","3.36%"
"Mar 14, 2019","1.490","1.430","1.490","1.430","12.31K","1.36%"
"Mar 13, 2019","1.470","1.510","1.510","1.470","0.52K","-2.65%"
"Mar 12, 2019","1.510","1.510","1.510","1.510","2.29K","-2.58%"
"Mar 08, 2019","1.550","1.530","1.550","1.520","3.71K","0.00%"
"Mar 07, 2019","1.550","1.590","1.590","1.550","0.71K","0.00%"
"Mar 06, 2019","1.550","1.550","1.550","1.550","9.17K","-0.64%"
"Mar 05, 2019","1.560","1.600","1.600","1.560","15.19K","-3.70%"
"Feb 28, 2019","1.620","1.580","1.620","1.580","13.02K","0.00%"
"Feb 27, 2019","1.620","1.620","1.620","1.620","0.01K","1.25%"
"Feb 26, 2019","1.600","1.610","1.610","1.600","2.23K","-1.23%"
"Feb 25, 2019","1.620","1.620","1.620","1.620","12.52K","1.89%"
"Feb 22, 2019","1.590","1.550","1.590","1.550","0.03K","2.58%"
"Feb 21, 2019","1.550","1.550","1.550","1.540","18.63K","-3.73%"
"Feb 20, 2019","1.610","1.610","1.610","1.610","0.05K","-0.62%"
"Feb 19, 2019","1.620","1.570","1.620","1.570","0.25K","0.62%"
"Feb 18, 2019","1.610","1.540","1.610","1.540","1.97K","-0.62%"
"Feb 15, 2019","1.620","1.620","1.620","1.620","2.19K","2.53%"
"Feb 14, 2019","1.580","1.570","1.580","1.570","2.04K","-1.86%"
"Feb 13, 2019","1.610","1.610","1.610","1.570","0.91K","-3.01%"
"Feb 12, 2019","1.660","1.700","1.700","1.660","0.55K","0.00%"
"Feb 11, 2019","1.660","1.660","1.660","1.660","1.00K","2.47%"
"Feb 08, 2019","1.620","1.620","1.620","1.620","7.50K","0.00%"
"Feb 07, 2019","1.620","1.620","1.620","1.620","0.05K","0.00%"
"Feb 06, 2019","1.620","1.620","1.620","1.620","0.48K","0.00%"
"Feb 05, 2019","1.620","1.620","1.620","1.620","0.06K","5.19%"
"Feb 04, 2019","1.540","1.540","1.540","1.540","11.80K","-2.53%"
"Feb 01, 2019","1.580","1.580","1.580","1.540","10.18K","-2.47%"
"Jan 31, 2019","1.620","1.620","1.620","1.620","4.30K","-4.71%"
"Jan 30, 2019","1.700","1.700","1.700","1.700","0.05K","0.00%"
"Jan 29, 2019","1.700","1.700","1.700","1.700","0.25K","0.00%"
"Jan 28, 2019","1.700","1.660","1.700","1.660","4.08K","-3.95%"
"Jan 25, 2019","1.770","1.770","1.770","1.770","0.11K","-1.67%"
"Jan 23, 2019","1.800","1.830","1.850","1.800","3.78K","-1.10%"
"Jan 22, 2019","1.820","1.900","1.900","1.820","5.96K","-1.62%"
"Jan 21, 2019","1.850","1.880","1.920","1.850","1.54K","0.00%"
"Jan 18, 2019","1.850","1.800","1.850","1.800","7.22K","3.93%"
"Jan 17, 2019","1.780","1.730","1.780","1.730","11.01K","0.00%"
"Jan 16, 2019","1.780","1.860","1.860","1.780","9.03K","-5.82%"
"Jan 15, 2019","1.890","1.900","1.900","1.850","9.86K","-10.00%"
"Jan 10, 2019","2.100","2.100","2.100","2.100","0.02K","2.94%"
"Jan 09, 2019","2.040","1.990","2.040","1.990","30.00K","5.15%"
"Jan 08, 2019","1.940","1.890","1.940","1.890","28.09K","-7.62%"
"Jan 04, 2019","2.100","2.100","2.100","2.100","0.01K","-4.98%"
"Jan 03, 2019","2.210","2.220","2.220","2.210","0.12K","-17.84%"
"Dec 26, 2018","2.690","2.770","2.770","2.690","17.33K","-3.24%"
"Dec 25, 2018","2.780","2.840","2.840","2.780","7.60K","-1.77%"
"Dec 24, 2018","2.830","2.780","2.830","2.780","10.65K","4.81%"
"Dec 21, 2018","2.700","2.630","2.700","2.630","20.44K","5.47%"
"Dec 20, 2018","2.560","2.560","2.560","2.560","0.02K","-4.48%"
"Dec 19, 2018","2.680","2.760","2.760","2.680","0.48K","-7.59%"
"Dec 17, 2018","2.900","2.900","2.900","2.900","3.30K","-2.03%"
"Dec 14, 2018","2.960","3.050","3.050","2.960","2.30K","-1.00%"
"Dec 13, 2018","2.990","3.080","3.080","2.990","10.27K","-2.29%"
"Dec 12, 2018","3.060","2.990","3.070","2.990","10.74K","3.03%"
"Dec 11, 2018","2.970","2.970","2.970","2.900","22.72K","-0.34%"
"Dec 10, 2018","2.980","2.980","2.980","2.980","0.10K","-0.67%"
"Dec 07, 2018","3.000","3.010","3.010","3.000","4.42K","0.00%"
"Dec 06, 2018","3.000","3.090","3.090","3.000","7.54K","0.00%"
"Dec 05, 2018","3.000","3.000","3.000","3.000","8.52K","4.17%"
"Dec 04, 2018","2.880","2.800","2.880","2.800","51.93K","5.11%"
"Dec 03, 2018","2.740","2.830","2.830","2.740","0.79K","-1.08%"
"Nov 30, 2018","2.770","2.850","2.850","2.770","13.50K","-3.15%"
"Nov 29, 2018","2.860","2.860","2.860","2.860","5.59K","4.38%"
"Nov 28, 2018","2.740","2.800","2.800","2.740","22.62K","-5.84%"
"Nov 27, 2018","2.910","2.910","2.910","2.910","11.49K","7.78%"
"Nov 23, 2018","2.700","2.640","2.700","2.640","13.30K","8.00%"
"Nov 22, 2018","2.500","2.500","2.500","2.500","5.60K","7.30%"
"Nov 19, 2018","2.330","2.230","2.330","2.230","8.16K","5.91%"
"Nov 16, 2018","2.200","2.180","2.200","2.120","11.48K","-1.35%"
"Nov 15, 2018","2.230","2.200","2.230","2.200","6.26K","4.21%"
"Nov 14, 2018","2.140","2.080","2.140","2.080","0.09K","5.94%"
"Nov 13, 2018","2.020","1.960","2.020","1.960","1.19K","5.76%"
"Nov 12, 2018","1.910","1.860","1.910","1.860","20.89K","5.52%"
"Nov 09, 2018","1.810","1.760","1.810","1.760","63.34K","5.85%"
"Nov 08, 2018","1.710","1.660","1.710","1.660","0.08K","5.56%"
"Nov 07, 2018","1.620","1.650","1.650","1.620","150.72K","-0.61%"
"Nov 06, 2018","1.630","1.630","1.630","1.630","25.15K","-2.98%"
"Nov 05, 2018","1.680","1.730","1.730","1.680","2.20K","-5.62%"
"Nov 02, 2018","1.780","1.740","1.780","1.740","2.55K","5.33%"
"Nov 01, 2018","1.690","1.690","1.690","1.690","0.20K","-2.87%"
"Oct 31, 2018","1.740","1.710","1.740","1.710","9.76K","-2.25%"
"Oct 30, 2018","1.780","1.740","1.780","1.740","10.35K","2.89%"
"Oct 29, 2018","1.730","1.760","1.760","1.730","7.81K","-3.35%"
"Oct 24, 2018","1.790","1.780","1.790","1.740","0.11K","2.87%"
"Oct 23, 2018","1.740","1.740","1.740","1.740","28.61K","-4.40%"
"Oct 22, 2018","1.820","1.840","1.840","1.820","16.04K","1.68%"
"Oct 19, 2018","1.790","1.740","1.790","1.740","84.28K","9.15%"
"Oct 18, 2018","1.640","1.640","1.640","1.640","10.00K","1.23%"
"Oct 17, 2018","1.620","1.670","1.670","1.620","22.00K","-5.81%"
"Oct 16, 2018","1.720","1.770","1.770","1.720","13.15K","-5.49%"
"Oct 12, 2018","1.820","1.870","1.870","1.820","13.30K","-5.21%"
"Oct 11, 2018","1.920","1.970","1.970","1.920","8.33K","-5.42%"
"Oct 10, 2018","2.030","2.090","2.090","2.030","2.60K","-4.69%"
"Oct 09, 2018","2.130","2.190","2.190","2.130","1.55K","-2.74%"
"Oct 08, 2018","2.190","2.190","2.190","2.190","1.05K","-2.67%"
"Oct 05, 2018","2.250","2.310","2.310","2.250","7.14K","-5.46%"
"Oct 04, 2018","2.380","2.380","2.380","2.380","0.05K","-2.86%"
"Oct 03, 2018","2.450","2.450","2.450","2.450","1.05K","-4.30%"
"Oct 02, 2018","2.560","2.560","2.560","2.560","0.20K","-2.66%"
"Sep 28, 2018","2.630","2.630","2.630","2.630","0.25K","0.00%"
"Sep 27, 2018","2.630","2.700","2.700","2.630","2.58K","-2.59%"
"Sep 21, 2018","2.700","2.700","2.700","2.700","1.47K","0.00%"
"Sep 20, 2018","2.700","2.700","2.700","2.700","1.12K","2.66%"
"Sep 19, 2018","2.630","2.630","2.630","2.630","1.34K","0.00%"
"Sep 18, 2018","2.630","2.630","2.630","2.630","1.10K","2.73%"
"Sep 17, 2018","2.560","2.560","2.560","2.560","0.43K","2.40%"
"Sep 14, 2018","2.500","2.500","2.500","2.500","1.20K","0.00%"
"Sep 13, 2018","2.500","2.500","2.500","2.500","0.80K","0.00%"
"Sep 10, 2018","2.500","2.500","2.500","2.500","0.51K","2.04%"
"Sep 06, 2018","2.450","2.450","2.450","2.450","0.45K","0.82%"
"Sep 03, 2018","2.430","2.430","2.430","2.430","1.03K","-5.45%"
"Aug 27, 2018","2.570","2.570","2.570","2.570","0.30K","1.58%"
"Aug 24, 2018","2.530","2.530","2.530","2.530","0.10K","1.20%"
"Aug 16, 2018","2.500","2.500","2.500","2.500","0.30K","-2.72%"
"Aug 14, 2018","2.570","2.570","2.570","2.570","0.01K","13.22%"
"Aug 07, 2018","2.270","2.270","2.270","2.270","0.52K","-1.73%"
"Jul 31, 2018","2.310","2.310","2.310","2.310","0.66K","0.00%"
"Jul 30, 2018","2.310","2.310","2.310","2.310","0.39K","-1.28%"
"Jul 27, 2018","2.340","2.340","2.340","2.340","0.11K","-2.90%"
"Jul 26, 2018","2.410","2.410","2.410","2.410","0.54K","-2.82%"
"Jul 24, 2018","2.480","2.480","2.480","2.480","0.06K","0.81%"
"Jul 23, 2018","2.460","2.400","2.460","2.400","0.22K","2.50%"
"Jul 20, 2018","2.400","2.400","2.400","2.400","0.58K","1.69%"
"Jul 19, 2018","2.360","2.360","2.360","2.360","0.36K","-1.67%"
"Jul 18, 2018","2.400","2.400","2.400","2.400","0.15K","0.00%"
"Jul 16, 2018","2.400","2.400","2.400","2.400","0.02K","2.56%"
"Jul 13, 2018","2.340","2.340","2.340","2.340","0.20K","-1.68%"
"Jul 12, 2018","2.380","2.380","2.380","2.380","0.10K","2.59%"
"Jul 11, 2018","2.320","2.320","2.320","2.320","1.07K","-2.93%"
"Jul 10, 2018","2.390","2.440","2.440","2.390","0.48K","-2.05%"
"Jul 09, 2018","2.440","2.440","2.440","2.440","0.35K","0.00%"
"Jul 06, 2018","2.440","2.510","2.510","2.440","0.13K","-5.43%"
"Jul 05, 2018","2.580","2.580","2.580","2.580","0.35K","-0.39%"
"Jul 04, 2018","2.590","2.670","2.670","2.590","0.20K","-0.38%"
"Jul 03, 2018","2.600","2.600","2.600","2.600","0.12K","0.00%"
"Jul 02, 2018","2.600","2.600","2.600","2.600","0.26K","-2.99%"
"Jun 29, 2018","2.680","2.690","2.690","2.680","0.11K","-3.25%"
"Jun 27, 2018","2.770","2.770","2.770","2.770","0.10K","-3.82%"
"Jun 26, 2018","2.880","2.880","2.880","2.880","0.05K","2.86%"
"Jun 25, 2018","2.800","2.800","2.800","2.800","0.05K","-2.78%"
"Jun 22, 2018","2.880","2.880","2.880","2.880","0.18K","-0.69%"
"Jun 21, 2018","2.900","2.900","2.900","2.900","0.02K","-1.69%"
"Jun 19, 2018","2.950","2.950","2.950","2.950","0.27K","-1.34%"
"Jun 14, 2018","2.990","3.000","3.000","2.990","0.81K","-0.33%"
"Jun 13, 2018","3.000","3.080","3.080","3.000","0.30K","-4.76%"
"Jun 07, 2018","3.150","3.150","3.150","3.150","0.02K","7.51%"
"Jun 05, 2018","2.930","2.930","2.930","2.930","0.02K","2.81%"
"Jun 04, 2018","2.850","2.850","2.850","2.850","0.02K","2.89%"
"Jun 01, 2018","2.770","2.690","2.770","2.690","0.10K","2.97%"
"May 29, 2018","2.690","2.690","2.690","2.690","0.60K","-2.89%"
"May 28, 2018","2.770","2.770","2.770","2.770","0.30K","-2.81%"
"May 25, 2018","2.850","2.850","2.850","2.850","0.17K","0.00%"
"May 24, 2018","2.850","2.850","2.850","2.850","1.14K","0.00%"
"May 23, 2018","2.850","2.850","2.850","2.850","0.55K","-1.72%"
"May 22, 2018","2.900","2.900","2.900","2.900","0.09K","-2.36%"
"May 18, 2018","2.970","2.970","2.970","2.970","0.10K","-1.33%"
"May 16, 2018","3.010","3.010","3.010","3.010","0.30K","-2.90%"
"May 10, 2018","3.100","3.030","3.100","3.030","1.25K","-0.32%"
"May 09, 2018","3.110","3.110","3.110","3.110","1.00K","-2.81%"
"May 08, 2018","3.200","3.200","3.200","3.200","1.00K","-1.84%"
"May 02, 2018","3.260","3.260","3.260","3.260","0.02K","0.00%"
"Apr 26, 2018","3.260","3.260","3.260","3.260","0.04K","0.00%"
"Apr 25, 2018","3.260","3.260","3.260","3.260","0.01K","0.00%"
"Apr 24, 2018","3.260","3.260","3.260","3.260","0.60K","0.00%"
"Apr 23, 2018","3.260","3.260","3.260","3.260","0.12K","0.31%"
"Apr 20, 2018","3.250","3.250","3.250","3.250","0.30K","0.93%"
"Apr 13, 2018","3.220","3.220","3.220","3.220","0.34K","0.00%"
"Apr 12, 2018","3.220","3.220","3.220","3.220","0.01K","-1.23%"
"Apr 02, 2018","3.260","3.260","3.260","3.260","0.24K","2.52%"
"Mar 19, 2018","3.180","3.180","3.180","3.180","0.00K","-0.62%"
"Mar 07, 2018","3.200","3.200","3.200","3.200","0.10K","2.89%"
"Mar 02, 2018","3.110","3.110","3.110","3.110","0.11K","-4.60%"
"Feb 23, 2018","3.260","3.260","3.260","3.260","1.00K","-0.31%"
"Feb 13, 2018","3.270","3.270","3.270","3.270","0.39K","0.00%"
"Feb 12, 2018","3.270","3.280","3.280","3.270","0.11K","-2.68%"
"Feb 09, 2018","3.360","3.360","3.360","3.360","0.03K","-0.30%"
"Feb 06, 2018","3.370","3.370","3.370","3.370","0.05K","-2.60%"
"Jan 31, 2018","3.460","3.460","3.460","3.460","0.20K","0.00%"
"Jan 26, 2018","3.460","3.460","3.460","3.460","0.01K","-2.81%"
"Jan 24, 2018","3.560","3.460","3.560","3.460","0.33K","-2.73%"
"Jan 19, 2018","3.660","3.660","3.660","3.660","0.20K","0.00%"
"Jan 18, 2018","3.660","3.660","3.660","3.660","0.63K","0.00%"
"Jan 16, 2018","3.660","3.660","3.660","3.660","0.01K","0.00%"
"Jan 15, 2018","3.660","3.770","3.770","3.660","0.29K","-11.38%"
"Jan 08, 2018","4.130","4.130","4.130","4.130","1.35K","-2.82%"
"Jan 04, 2018","4.250","4.150","4.250","4.150","0.01K","-0.47%"
"Jan 03, 2018","4.270","4.270","4.270","4.270","0.60K","-0.23%"
"Dec 29, 2017","4.280","4.410","4.410","4.280","3.49K","-4.25%"
"Dec 28, 2017","4.470","4.350","4.470","4.350","206.06K","-0.22%"
"Dec 27, 2017","4.480","4.480","4.480","4.480","0.50K","1.82%"
"Dec 25, 2017","4.400","4.480","4.480","4.400","2.35K","-1.79%"
"Dec 22, 2017","4.480","4.480","4.480","4.480","1.90K","0.00%"
"Dec 21, 2017","4.480","4.480","4.480","4.480","0.01K","-0.44%"
"Dec 20, 2017","4.500","4.490","4.500","4.360","1.00M","0.00%"
"Dec 19, 2017","4.500","4.370","4.500","4.370","5.53K","5.88%"
"Dec 18, 2017","4.250","4.130","4.250","4.130","2.97K","5.99%"
"Dec 15, 2017","4.010","3.900","4.010","3.900","2.07K","5.80%"
"Dec 14, 2017","3.790","3.680","3.790","3.630","2.71K","5.87%"
"Dec 13, 2017","3.580","3.500","3.600","3.500","0.61K","2.58%"
"Dec 12, 2017","3.490","3.480","3.490","3.480","0.10K","-0.29%"
"Dec 11, 2017","3.500","3.410","3.500","3.410","0.22K","0.00%"
"Dec 07, 2017","3.500","3.500","3.500","3.500","0.01K","0.29%"
"Dec 05, 2017","3.490","3.390","3.490","3.390","0.24K","2.95%"
"Dec 04, 2017","3.390","3.390","3.390","3.390","0.33K","-1.74%"
"Nov 30, 2017","3.450","3.400","3.490","3.400","1.55K","-1.43%"
"Nov 29, 2017","3.500","3.390","3.500","3.390","0.22K","0.29%"
"Nov 28, 2017","3.490","3.490","3.490","3.490","0.25K","-0.29%"
"Nov 27, 2017","3.500","3.500","3.500","3.500","0.20K","-1.41%"
"Nov 24, 2017","3.550","3.540","3.550","3.540","0.70K","2.60%"
"Nov 23, 2017","3.460","3.260","3.460","3.260","1.10K","2.98%"
"Nov 22, 2017","3.360","3.360","3.360","3.360","0.20K","0.90%"
"Nov 16, 2017","3.330","3.370","3.370","3.330","0.42K","0.91%"
"Nov 15, 2017","3.300","3.360","3.400","3.300","2.11K","-4.35%"
"Nov 14, 2017","3.450","3.450","3.450","3.450","0.80K","-7.26%"
"Nov 10, 2017","3.720","3.720","3.720","3.720","0.02K","1.92%"
"Nov 09, 2017","3.650","3.650","3.650","3.610","0.20K","-1.88%"
"Nov 08, 2017","3.720","3.720","3.720","3.720","0.10K","-4.37%"
"Nov 03, 2017","3.890","3.870","3.890","3.760","1.03K","0.26%"
"Nov 02, 2017","3.880","3.880","3.880","3.880","0.34K","-4.43%"
"Oct 30, 2017","4.060","4.060","4.060","4.060","0.00K","-2.87%"
"Oct 27, 2017","4.180","4.060","4.180","4.060","0.04K","0.00%"
"Oct 26, 2017","4.180","4.180","4.180","4.060","0.09K","-0.48%"
"Oct 23, 2017","4.200","4.150","4.240","4.000","0.06K","-0.94%"
"Oct 19, 2017","4.240","4.240","4.240","4.240","0.07K","1.19%"
"Oct 18, 2017","4.190","4.000","4.190","4.000","1.72K","4.49%"
"Oct 16, 2017","4.010","4.010","4.010","4.010","0.05K","-1.72%"
"Oct 13, 2017","4.080","3.950","4.080","3.950","0.03K","0.00%"
"Oct 12, 2017","4.080","4.280","4.280","4.080","0.05K","-2.86%"
"Oct 11, 2017","4.200","4.170","4.200","4.170","0.03K","-1.64%"
"Oct 10, 2017","4.270","4.270","4.270","4.270","0.05K","0.47%"
"Oct 06, 2017","4.250","4.250","4.250","4.250","0.02K","-0.70%"
"Oct 04, 2017","4.280","4.270","4.280","4.270","0.21K","0.23%"
"Oct 03, 2017","4.270","4.270","4.270","4.270","0.05K","2.64%"
"Sep 29, 2017","4.160","4.190","4.190","4.160","0.51K","-2.80%"
"Sep 28, 2017","4.280","4.280","4.280","4.280","0.00K","-2.95%"
"Sep 11, 2017","4.410","4.410","4.410","4.410","0.05K","6.27%"
"Sep 07, 2017","4.150","4.240","4.240","4.150","0.45K","-2.35%"
"Sep 06, 2017","4.250","4.250","4.250","4.250","0.20K","4.17%"
"Aug 25, 2017","4.080","4.200","4.200","4.080","0.03K","-2.86%"
"Aug 24, 2017","4.200","3.840","4.200","3.840","0.76K","4.48%"
"Aug 23, 2017","4.020","4.020","4.020","4.020","0.00K","-4.29%"
"Aug 22, 2017","4.200","4.000","4.200","4.000","0.10K","3.96%"
"Aug 21, 2017","4.040","4.160","4.170","4.040","0.81K","-0.25%"
"Aug 18, 2017","4.050","4.050","4.360","4.050","0.54K","-7.32%"
"Aug 16, 2017","4.370","4.060","4.370","4.060","1.50K","0.46%"
"Aug 15, 2017","4.350","4.350","4.350","4.350","0.01K","-5.84%"
"Aug 11, 2017","4.620","4.450","4.620","4.450","1.52K","0.87%"
"Aug 04, 2017","4.580","4.580","4.580","4.580","0.33K","5.05%"
"Jul 28, 2017","4.360","4.350","4.360","4.350","3.80K","-0.23%"
"Jul 20, 2017","4.370","4.380","4.380","4.370","1.32K","-1.80%"
"Jul 13, 2017","4.450","4.400","4.450","4.400","1.50K","1.83%"
"Jul 12, 2017","4.370","4.280","4.370","4.280","0.01K","5.05%"
"Jul 11, 2017","4.160","4.050","4.160","4.050","0.79K","2.97%"
"Jul 10, 2017","4.040","4.040","4.040","4.040","0.00K","2.80%"
"Jul 07, 2017","3.930","3.820","3.930","3.710","4.54K","-2.96%"
"Jul 06, 2017","4.050","4.050","4.050","4.050","0.01K","-7.53%"
"Jun 30, 2017","4.380","4.380","4.380","4.380","0.50K","0.00%"
"Jun 29, 2017","4.380","4.260","4.380","4.210","8.14K","-0.45%"
"Jun 21, 2017","4.400","4.400","4.400","4.400","4.00K","0.00%"
"Jun 20, 2017","4.400","4.300","4.400","4.300","2.62K","2.33%"
"Jun 19, 2017","4.300","4.300","4.300","4.300","0.01K","-2.27%"
"Jun 14, 2017","4.400","4.350","4.400","4.350","6.35K","-1.79%"
"Jun 07, 2017","4.480","4.450","4.480","4.280","5.53K","0.67%"
"Jun 06, 2017","4.450","4.450","4.460","4.450","2.50K","-0.67%"
"Jun 05, 2017","4.480","4.470","4.480","4.470","2.11K","0.00%"
"Jun 02, 2017","4.480","4.480","4.480","4.480","2.10K","-0.22%"
"May 31, 2017","4.490","4.480","4.490","4.480","2.10K","0.00%"
"May 30, 2017","4.490","4.480","4.490","4.480","1.00K","0.00%"
"May 29, 2017","4.490","4.490","4.490","4.490","1.85K","-0.88%"
"May 26, 2017","4.530","4.530","4.530","4.500","2.60K","0.00%"
"May 25, 2017","4.530","4.530","4.530","4.530","1.00K","0.00%"
"May 24, 2017","4.530","4.530","4.530","4.530","4.20K","2.95%"
"May 23, 2017","4.400","4.440","4.440","4.400","0.11K","-4.35%"
"May 18, 2017","4.600","4.600","4.600","4.600","0.01K","0.22%"
"May 17, 2017","4.590","4.600","4.600","4.590","2.65K","-0.22%"
"May 16, 2017","4.600","4.600","4.600","4.600","4.81K","-2.13%"
"May 12, 2017","4.700","4.690","4.700","4.600","4.14K","0.00%"
"May 10, 2017","4.700","4.600","4.700","4.600","5.53K","-0.42%"
"May 09, 2017","4.720","4.700","4.720","4.700","5.00K","0.00%"
"May 08, 2017","4.720","4.720","4.720","4.700","5.50K","-0.42%"
"May 05, 2017","4.740","4.650","4.750","4.610","5.92K","1.72%"
"May 04, 2017","4.660","4.750","4.800","4.660","5.93K","-2.92%"
"May 03, 2017","4.800","4.800","4.850","4.800","3.16K","-1.03%"
"May 02, 2017","4.850","4.850","4.850","4.850","2.45K","-2.81%"
"Apr 26, 2017","4.990","4.980","4.990","4.980","0.75K","-0.20%"
"Apr 25, 2017","5.000","4.990","5.000","4.990","1.00K","0.00%"
"Apr 24, 2017","5.000","5.000","5.000","5.000","1.00K","-0.40%"
"Apr 21, 2017","5.020","5.020","5.020","4.870","0.58K","-1.38%"
"Apr 19, 2017","5.090","5.090","5.090","5.090","2.60K","-1.55%"
"Apr 11, 2017","5.170","5.020","5.170","5.020","0.30K","2.99%"
"Apr 07, 2017","5.020","5.020","5.020","5.020","1.94K","4.37%"
"Apr 06, 2017","4.810","4.810","4.810","4.810","0.01K","-2.83%"
"Apr 05, 2017","4.950","4.770","4.950","4.770","0.10K","-0.40%"
"Apr 03, 2017","4.970","4.750","4.970","4.750","3.92K","4.41%"
"Mar 31, 2017","4.760","4.760","4.760","4.760","0.10K","0.00%"
"Mar 30, 2017","4.760","4.650","4.760","4.650","3.45K","2.37%"
"Mar 29, 2017","4.650","4.630","4.650","4.630","2.19K","0.43%"
"Mar 28, 2017","4.630","4.500","4.630","4.500","5.39K","2.89%"
"Mar 27, 2017","4.500","4.370","4.500","4.370","2.13K","0.00%"
"Mar 24, 2017","4.500","4.460","4.500","4.460","2.01K","-1.96%"
"Mar 23, 2017","4.590","4.590","4.590","4.590","1.01K","-0.22%"
"Mar 22, 2017","4.600","4.580","4.600","4.580","1.00K","0.00%"
"Mar 17, 2017","4.600","4.590","4.600","4.590","0.50K","0.00%"
"Mar 16, 2017","4.600","4.560","4.600","4.560","0.40K","1.10%"
"Mar 15, 2017","4.550","4.550","4.550","4.420","1.50K","0.00%"
"Mar 14, 2017","4.550","4.550","4.550","4.550","0.50K","-0.22%"
"Mar 13, 2017","4.560","4.550","4.560","4.550","0.60K","0.22%"
"Mar 10, 2017","4.550","4.550","4.550","4.550","0.10K","0.00%"
"Mar 09, 2017","4.550","4.430","4.550","4.430","2.70K","-0.22%"
"Mar 08, 2017","4.560","4.550","4.560","4.420","1.49K","0.22%"
"Mar 07, 2017","4.550","4.580","4.580","4.430","2.71K","-0.22%"
"Mar 06, 2017","4.560","4.580","4.580","4.450","6.11K","-0.44%"
"Mar 03, 2017","4.580","4.550","4.580","4.470","2.75K","-0.43%"
"Mar 02, 2017","4.600","4.560","4.600","4.560","1.32K","0.88%"